timeStamp,elapsed,label,responseCode,responseMessage,threadName,dataType,success,failureMessage,bytes,sentBytes,grpThreads,allThreads,URL,Latency,IdleTime,Connect
1734191002793,1,Debug Sampler,200,OK,Thread Group 1-1,text,true,,379,0,1,1,null,0,0,0
1734191002833,91,HTTP Request,200,OK,Thread Group 1-1,text,true,,1586,626,1,1,http://127.0.0.1:5000/client_registeration,86,0,16
1734191002923,1,HTTP Request-0,200,OK,Thread Group 1-1,text,true,,1391,0,1,1,null,0,0,0
1734191002979,0,Debug Sampler,200,OK,Thread Group 1-2,text,true,,366,0,1,1,null,0,0,0
1734191002980,9,HTTP Request,200,OK,Thread Group 1-2,text,true,,1560,613,1,1,http://127.0.0.1:5000/client_registeration,9,0,0
1734191002989,0,HTTP Request-0,200,OK,Thread Group 1-2,text,true,,1365,0,1,1,null,0,0,0
1734191003184,0,Debug Sampler,200,OK,Thread Group 1-3,text,true,,363,0,1,1,null,0,0,0
1734191003186,7,HTTP Request,200,OK,Thread Group 1-3,text,true,,1553,610,1,1,http://127.0.0.1:5000/client_registeration,7,0,1
1734191003193,0,HTTP Request-0,200,OK,Thread Group 1-3,text,true,,1358,0,1,1,null,0,0,0
1734191003384,1,Debug Sampler,200,OK,Thread Group 1-4,text,true,,378,0,1,1,null,0,0,0
1734191003386,8,HTTP Request,200,OK,Thread Group 1-4,text,true,,1583,625,1,1,http://127.0.0.1:5000/client_registeration,8,0,1
1734191003394,0,HTTP Request-0,200,OK,Thread Group 1-4,text,true,,1388,0,1,1,null,0,0,0
1734191003585,0,Debug Sampler,200,OK,Thread Group 1-5,text,true,,366,0,1,1,null,0,0,0
1734191003587,9,HTTP Request,200,OK,Thread Group 1-5,text,true,,1561,614,1,1,http://127.0.0.1:5000/client_registeration,8,0,2
1734191003596,0,HTTP Request-0,200,OK,Thread Group 1-5,text,true,,1366,0,1,1,null,0,0,0
1734191003787,0,Debug Sampler,200,OK,Thread Group 1-6,text,true,,375,0,1,1,null,0,0,0
1734191003789,13,HTTP Request,200,OK,Thread Group 1-6,text,true,,1577,622,1,1,http://127.0.0.1:5000/client_registeration,12,0,4
1734191003801,1,HTTP Request-0,200,OK,Thread Group 1-6,text,true,,1382,0,1,1,null,0,0,0
1734191003981,0,Debug Sampler,200,OK,Thread Group 1-7,text,true,,358,0,1,1,null,0,0,0
1734191003983,6,HTTP Request,200,OK,Thread Group 1-7,text,true,,1544,605,1,1,http://127.0.0.1:5000/client_registeration,6,0,2
1734191003989,0,HTTP Request-0,200,OK,Thread Group 1-7,text,true,,1349,0,1,1,null,0,0,0
1734191004181,0,Debug Sampler,200,OK,Thread Group 1-8,text,true,,369,0,1,1,null,0,0,0
1734191004183,8,HTTP Request,200,OK,Thread Group 1-8,text,true,,1566,616,1,1,http://127.0.0.1:5000/client_registeration,7,0,2
1734191004190,1,HTTP Request-0,200,OK,Thread Group 1-8,text,true,,1371,0,1,1,null,0,0,0
1734191004379,0,Debug Sampler,200,OK,Thread Group 1-9,text,true,,368,0,1,1,null,0,0,0
1734191004380,4,HTTP Request,200,OK,Thread Group 1-9,text,true,,1564,615,1,1,http://127.0.0.1:5000/client_registeration,4,0,1
1734191004384,0,HTTP Request-0,200,OK,Thread Group 1-9,text,true,,1369,0,1,1,null,0,0,0
1734191004581,0,Debug Sampler,200,OK,Thread Group 1-10,text,true,,368,0,1,1,null,0,0,0
1734191004583,7,HTTP Request,200,OK,Thread Group 1-10,text,true,,1565,615,1,1,http://127.0.0.1:5000/client_registeration,6,0,2
1734191004590,0,HTTP Request-0,200,OK,Thread Group 1-10,text,true,,1370,0,1,1,null,0,0,0
